tz1WQHrBeZktERVYgvz49NMcar5RHjNqt3Ka, 479679969087945169, KT1HDXjPtjv7Y7XtJxrNc5rNjnegTi2ZzNfv
tz1SRcMg9GRXi7paNeAc3ARn23mS3Z5dXa6S, 306239761352289054, KT1HDXjPtjv7Y7XtJxrNc5rNjnegTi2ZzNfv
tz1YWAhTgqbBfB3m55ykmix3KFqn4BWHPnab, 27567924030351690487, KT1HDXjPtjv7Y7XtJxrNc5rNjnegTi2ZzNfv
tz1NiraRNtWgpXyyxopRTk2a7Py9oKFdrgkB, 405655913634315448, KT1HDXjPtjv7Y7XtJxrNc5rNjnegTi2ZzNfv
tz1TrxaPKNsRpcgw58155HdX6USrpV2fERQm, 21270574117738294, KT1HDXjPtjv7Y7XtJxrNc5rNjnegTi2ZzNfv
tz1ez5hc7wfNKrZ65vVRyC6JBBxZF6UYX3aD, 3058273472612099842, KT1HDXjPtjv7Y7XtJxrNc5rNjnegTi2ZzNfv
tz1SGrn2QMFDiFBvR5VGL5USAZvMCiYY3Mkx, 680077107865640308, KT1HDXjPtjv7Y7XtJxrNc5rNjnegTi2ZzNfv
tz1hYc8FKJSztPJb8a9b4V4yQBGtk9t1FkEj, 4583686911618686856, KT1HDXjPtjv7Y7XtJxrNc5rNjnegTi2ZzNfv
tz1NhuLdEpkZ89o7L2jsPCwkwdkQMmvdsGBx, 598174852698800909, KT1HDXjPtjv7Y7XtJxrNc5rNjnegTi2ZzNfv
tz1NJS9T6FKTnKUkVNv2g44GHTAhzH77qiYw, 139, KT1HDXjPtjv7Y7XtJxrNc5rNjnegTi2ZzNfv
tz1WHUWCMqVqq5AagGN5DrytqWz88tYgedUr, 140530482609614, KT1HDXjPtjv7Y7XtJxrNc5rNjnegTi2ZzNfv
tz2LLXe9Nq18wgjjG9PppmrAmokjUkoLmdX1, 1063922529444079513, KT1HDXjPtjv7Y7XtJxrNc5rNjnegTi2ZzNfv
tz1Tvs3i4WPM87k5P44AjBW1C5cWid9h7ChX, 24033614284185552, KT1HDXjPtjv7Y7XtJxrNc5rNjnegTi2ZzNfv
tz1abg9zujDpnmirLeAqMFpdgcc7Zf4KzcYo, 3050649238399452, KT1HDXjPtjv7Y7XtJxrNc5rNjnegTi2ZzNfv
tz1cyCozSTkmducVuND48WTZLRzVJ2U4Yxas, 751842285436694, KT1HDXjPtjv7Y7XtJxrNc5rNjnegTi2ZzNfv
tz1ShM5gWyLSD997WV89nzZWxPXFGBMJ2yRw, 98177360121829, KT1HDXjPtjv7Y7XtJxrNc5rNjnegTi2ZzNfv
tz1i8yq6NJ6E339ewac5wnLg5WS9rVngZapV, 32632213710872471747, KT1HDXjPtjv7Y7XtJxrNc5rNjnegTi2ZzNfv
tz1eKTUc8X17nVmtVRtxBcs3hwUPXWuqP2AS, 531881029801350723, KT1HDXjPtjv7Y7XtJxrNc5rNjnegTi2ZzNfv
tz1RDbEW7YUkwnnDdMNieSiF6kB4XBws7QSg, 118704758347153961, KT1HDXjPtjv7Y7XtJxrNc5rNjnegTi2ZzNfv
tz1Tk1MJDZ96bK85RLAqtKfnptZZyXsJ2jaq, 46494387359691563024, KT1HDXjPtjv7Y7XtJxrNc5rNjnegTi2ZzNfv
tz1NsE7vEgP3M9bDdkNGF4rCaTUENp5h56ZU, 5475125537449922, KT1HDXjPtjv7Y7XtJxrNc5rNjnegTi2ZzNfv
tz1esKUKgqNLK1whPEimY9cGsgwkmmqKtnAQ, 950563269390888612, KT1HDXjPtjv7Y7XtJxrNc5rNjnegTi2ZzNfv
tz1VxyFerDX1aG448RgJJLifesh7Vk7Q7NfT, 418252916531240471, KT1HDXjPtjv7Y7XtJxrNc5rNjnegTi2ZzNfv
tz1NjgQXe5jSgC52yMQ1SvQbPnM7KWfnfAgw, 8101418702341397026, KT1HDXjPtjv7Y7XtJxrNc5rNjnegTi2ZzNfv
tz1hvqKwQ9wPavCjQPnX4QdV5zBdSaXFp1t6, 21813285709141172568, KT1HDXjPtjv7Y7XtJxrNc5rNjnegTi2ZzNfv
tz1Mrmh6eqh69hgeCXCCUtSaR8THWd9FFHnb, 12326619858237832045, KT1HDXjPtjv7Y7XtJxrNc5rNjnegTi2ZzNfv
tz1ZW1Z6YqZKjeCbb5LVTWJ7UaSTooXmMajq, 6565645803212902177, KT1HDXjPtjv7Y7XtJxrNc5rNjnegTi2ZzNfv
tz1Qji1NnEPj4Cxa9s2WEoWi9U9KM6a9gdDL, 1932887521010328289, KT1HDXjPtjv7Y7XtJxrNc5rNjnegTi2ZzNfv
tz1YaPLZuVmZaKB69BjJXKUDgNaZrxBR4Lfn, 1328975203093944343, KT1HDXjPtjv7Y7XtJxrNc5rNjnegTi2ZzNfv
tz1W7YV9qXtDvB2tPWWueh6KtfWDBmjZchm9, 1951650300299552012, KT1HDXjPtjv7Y7XtJxrNc5rNjnegTi2ZzNfv
tz1ZDDHc1YycDdwQezjVDVCSfSB6A1xH3YxG, 3199960652622896644, KT1HDXjPtjv7Y7XtJxrNc5rNjnegTi2ZzNfv
tz1Me1MGhK7taay748h4gPnX2cXvbgL6xsYL, 96089367172249074118, KT1HDXjPtjv7Y7XtJxrNc5rNjnegTi2ZzNfv
tz1iAJBmMZtrdZZh8ZFKqtSHw6FPjBPCNAcg, 3000692721202892236, KT1HDXjPtjv7Y7XtJxrNc5rNjnegTi2ZzNfv
tz1iNdzx7BJpGD2e2YaV2QbsteMQWMAXjjDf, 114209802778106076, KT1HDXjPtjv7Y7XtJxrNc5rNjnegTi2ZzNfv
tz1hes6aF3Px3D8nPQx27fdwBKrXmGs1UYxT, 135734503770894313, KT1HDXjPtjv7Y7XtJxrNc5rNjnegTi2ZzNfv
tz1iR29vsBJC9ujdQGAJ9Sbj9Jm41k4s3sfo, 27406529940797758, KT1HDXjPtjv7Y7XtJxrNc5rNjnegTi2ZzNfv
tz1XrThJDztPJoJEKbYXqaDxFzwp1Adbo1F8, 11661592367613897016, KT1HDXjPtjv7Y7XtJxrNc5rNjnegTi2ZzNfv
tz1ichH92L9WtocJMmoAqFbjGzoWmRM5EF9k, 844540176206121118, KT1HDXjPtjv7Y7XtJxrNc5rNjnegTi2ZzNfv
tz1WtkHVMtif3DXVCZ9pUCqWcBsmqgFjgdkk, 24236320384786257, KT1HDXjPtjv7Y7XtJxrNc5rNjnegTi2ZzNfv
tz1iQkotCi5DZzoFqQvu9rLheE6Ky6c2hM8a, 8764967169775856569, KT1HDXjPtjv7Y7XtJxrNc5rNjnegTi2ZzNfv
tz1e79js9L7MZUmdio6oDigvtK9Up8Jqxt18, 938671302732813, KT1HDXjPtjv7Y7XtJxrNc5rNjnegTi2ZzNfv
tz1QaKxkKUWj8hpzZdF4hZAeYqTQRGJpAQu8, 11416710278852411, KT1HDXjPtjv7Y7XtJxrNc5rNjnegTi2ZzNfv
tz1cLGgp5hdVBrYVcLrcVbk2xxs3hQmXNVKa, 16767217614861561389, KT1HDXjPtjv7Y7XtJxrNc5rNjnegTi2ZzNfv
tz1Nam6uqEyB6mZAK8hrRzJVrw3GEi6khixC, 55690113319237137702, KT1HDXjPtjv7Y7XtJxrNc5rNjnegTi2ZzNfv
tz1TR1ucpim4w9jdCkvjF6RuT9Psn6xX3wp8, 11195269711049787118, KT1HDXjPtjv7Y7XtJxrNc5rNjnegTi2ZzNfv
tz1h7HZkK9gTSCXRozPhPy8ppt5UUN5EHegV, 558415344462935981, KT1HDXjPtjv7Y7XtJxrNc5rNjnegTi2ZzNfv
tz1WQw2D6vNG6TgpoSuBZcEv7EkVqZWURPuF, 23986316955987628, KT1HDXjPtjv7Y7XtJxrNc5rNjnegTi2ZzNfv
tz1Zc6pKfoK919rjngFFtwGBRyHZSey2eb9Q, 57088737576221539946, KT1HDXjPtjv7Y7XtJxrNc5rNjnegTi2ZzNfv
tz1QgtXghaTtjsbq4xPNBW9hrCxf8Je7yNoD, 3180296069142037250, KT1HDXjPtjv7Y7XtJxrNc5rNjnegTi2ZzNfv
tz1ftyFahP6qMTpT6R3ZUazuLDNPuHkGE4xs, 48591329017567205, KT1HDXjPtjv7Y7XtJxrNc5rNjnegTi2ZzNfv
tz1iBzfEcSstaAvcqsE9BBgyxovRKfFXEmVm, 663727675489592139, KT1HDXjPtjv7Y7XtJxrNc5rNjnegTi2ZzNfv
tz1S9h681gzCr8cNfoVUgdc6CYqniXWA6Est, 92390341024617333, KT1HDXjPtjv7Y7XtJxrNc5rNjnegTi2ZzNfv
tz2HQyN1pH4wifpqgKjScc8M3iJ3tjsi7CdU, 3182804057767057521, KT1HDXjPtjv7Y7XtJxrNc5rNjnegTi2ZzNfv
tz1WUTBHw2R6pUpChVYiPtBgce2UExjPawAL, 3461386542180592, KT1HDXjPtjv7Y7XtJxrNc5rNjnegTi2ZzNfv
tz1fqkiCQCHz7gmZxGvcpdtdNaEQTD8Kubo5, 4888879888593278241, KT1HDXjPtjv7Y7XtJxrNc5rNjnegTi2ZzNfv
tz1hZqiQuCCscmrj3QGJDDDFDqgHeg9nvRym, 1571827082902143186, KT1HDXjPtjv7Y7XtJxrNc5rNjnegTi2ZzNfv
tz1MN2zesLxjCfB3K8LUBf6rvnXLk8Z11hm6, 48126393330435088348, KT1HDXjPtjv7Y7XtJxrNc5rNjnegTi2ZzNfv
tz1MwZhYw4uKAh2ftQ9hVtxAQAvbZBXhfx4u, 77395001082218836156, KT1HDXjPtjv7Y7XtJxrNc5rNjnegTi2ZzNfv
tz1iTsru8uhrNaLLWdgREtvxYFrYgrrneywo, 106460221786520846, KT1HDXjPtjv7Y7XtJxrNc5rNjnegTi2ZzNfv
tz1Uz7FsJ8yJLkCpQyTvfo1TEZLKiVQERkEe, 53229877991794386, KT1HDXjPtjv7Y7XtJxrNc5rNjnegTi2ZzNfv
tz2PfV6tQurgAgNbFeg1c8TNc1cYz4nvgibN, 1059523458330257491900, KT1HDXjPtjv7Y7XtJxrNc5rNjnegTi2ZzNfv
tz1PiKhsq1TkSTiFAQF8Gfdbw9EivDxBrZri, 7121651169882629395, KT1HDXjPtjv7Y7XtJxrNc5rNjnegTi2ZzNfv
tz1RJrQSpSGM55ZgaTRPkLRZgdmP9F9XCRHC, 68442, KT1HDXjPtjv7Y7XtJxrNc5rNjnegTi2ZzNfv
tz1fb6jz7rh4H7AojLShvhiXKaSNDyvkH7sM, 102223120844513919313, KT1HDXjPtjv7Y7XtJxrNc5rNjnegTi2ZzNfv
tz1gMfLSQs6xTM2TcLM6Sb2njJ6h9qhSsT9Z, 1946085579550, KT1HDXjPtjv7Y7XtJxrNc5rNjnegTi2ZzNfv
tz1LyZGJfpJNNf9fRH266JD6F1KYQ9JidRwo, 68699842570946948426, KT1HDXjPtjv7Y7XtJxrNc5rNjnegTi2ZzNfv
tz1eg3T7zAuauPWxM5KQ8pTYWyJj85z7NDe7, 3624539561721955948, KT1HDXjPtjv7Y7XtJxrNc5rNjnegTi2ZzNfv
tz1ffdiWq3Uwsptpusv7PZz6gJNZUiZeWt2t, 50908630266679563, KT1HDXjPtjv7Y7XtJxrNc5rNjnegTi2ZzNfv
tz1cjbJRrAoFgBrFbboxgz538Ej7ZBkwqqR4, 244296378990760633870, KT1HDXjPtjv7Y7XtJxrNc5rNjnegTi2ZzNfv
tz1WMeSwaeeAL5ZBiXuzps2S5su4HKZnDV5J, 65483404688823515, KT1HDXjPtjv7Y7XtJxrNc5rNjnegTi2ZzNfv
tz1XTABbe2USnJQC6mGk4xaY4L5k6qEvttR1, 661422575352850749, KT1HDXjPtjv7Y7XtJxrNc5rNjnegTi2ZzNfv
tz1bszGRPa1MnqZZAbcm9rmTTmm7NpQS7RWC, 13841253278173419929, KT1HDXjPtjv7Y7XtJxrNc5rNjnegTi2ZzNfv
tz1RAfKUFBX6P2jFkCpzLFntju7djjbtKAKr, 519445146809953589108, KT1HDXjPtjv7Y7XtJxrNc5rNjnegTi2ZzNfv
tz1asHLeda6epp4pKaeFcrjuSnnDVuaqCmkW, 6701773932671376660, KT1HDXjPtjv7Y7XtJxrNc5rNjnegTi2ZzNfv
tz1XrwX7i9Nzh8e6UmG3VnFkAeoyWdTqDf3U, 710676745554734848, KT1HDXjPtjv7Y7XtJxrNc5rNjnegTi2ZzNfv
tz1czGMShkB8ZtCHKHeCPTY3CpuiCrjsGJBy, 16490797706021968731, KT1HDXjPtjv7Y7XtJxrNc5rNjnegTi2ZzNfv
tz1gvKsAwsGXNGr2paJz7uWLe3roCMZnajQM, 10541598818881498882, KT1HDXjPtjv7Y7XtJxrNc5rNjnegTi2ZzNfv
tz1SEEQNGjxP3SC8biDWMMHwgpYk1aeiQDyJ, 856320351787005193916, KT1HDXjPtjv7Y7XtJxrNc5rNjnegTi2ZzNfv
tz1UcMmDaMYGa9aQQQet8K6WCRcHdzRUxdDX, 48074202610730938, KT1HDXjPtjv7Y7XtJxrNc5rNjnegTi2ZzNfv
tz1MhDwphGsksnEtFfid2aByvdjx9cAcx5Ro, 15514833000480268518, KT1HDXjPtjv7Y7XtJxrNc5rNjnegTi2ZzNfv
tz1Z7xsMUJAkSank4bhTn8Z5439Bs3KQcUjs, 60235860980234458, KT1HDXjPtjv7Y7XtJxrNc5rNjnegTi2ZzNfv
tz1Vw1tsHuRYaCuk341eUzPfK7oj6FFcs6c9, 190893040911238514, KT1HDXjPtjv7Y7XtJxrNc5rNjnegTi2ZzNfv
tz1YFdYUzrYRuzxhqeC5XEaBbvamkwRJnkwJ, 658064732499800885, KT1HDXjPtjv7Y7XtJxrNc5rNjnegTi2ZzNfv
tz1fZEq4bVZ35AEbDq9rRxMi8y27QvKWr7N7, 465276614616840163, KT1HDXjPtjv7Y7XtJxrNc5rNjnegTi2ZzNfv
tz1Qnqri4SDRhdBQjWpR7oSbangHimwPvuDS, 29774986424055065, KT1HDXjPtjv7Y7XtJxrNc5rNjnegTi2ZzNfv
tz1Mr49tkuJKzXnvzuiZywYoBZTqe9ts7YLC, 6121042380744985836, KT1HDXjPtjv7Y7XtJxrNc5rNjnegTi2ZzNfv
tz1SHzbhYsbX6Uk51hJC4JkjgWM1gWaSwBqQ, 48889947381212848881, KT1HDXjPtjv7Y7XtJxrNc5rNjnegTi2ZzNfv
tz1PsSxew1zAWgUunfySRzz4E38asM2EZ6SW, 22308205634931, KT1HDXjPtjv7Y7XtJxrNc5rNjnegTi2ZzNfv
tz1V3mUVNmfeeZUEN8358i8bjD9rVnEbK7nc, 505272718831234990674, KT1HDXjPtjv7Y7XtJxrNc5rNjnegTi2ZzNfv
tz1cD31qUc7Vz5g3ThFb3yvUkcj2e3wcetsB, 184707553442254697, KT1HDXjPtjv7Y7XtJxrNc5rNjnegTi2ZzNfv
tz1bthMuA6Yzgqnp5dtQanF6C98USvgTJYSg, 339369691557911089, KT1HDXjPtjv7Y7XtJxrNc5rNjnegTi2ZzNfv
tz1fq3eVQz3eCc7XXMCBYMEV3UD8UrWSXrhb, 22750247966262116, KT1HDXjPtjv7Y7XtJxrNc5rNjnegTi2ZzNfv
tz1WjKWiA8FkEeiiWSYxvBXZJ1FN3sNsZDDV, 519699194235369744, KT1HDXjPtjv7Y7XtJxrNc5rNjnegTi2ZzNfv
tz1fv6Na5vy8ecSV3rQrWv2hdGoFgiwUP6TD, 181236428442642496729, KT1HDXjPtjv7Y7XtJxrNc5rNjnegTi2ZzNfv
tz2MsdMmGGpSNkGhwviHieeC6ShAqGwV3Cmw, 2003108112405541980, KT1HDXjPtjv7Y7XtJxrNc5rNjnegTi2ZzNfv
tz1dTmMLY7tan1HKfW5e3KxJcfZput6UuTH6, 630359903005989, KT18oxtA5uyhyYXyAVhTa7agJmxHCTjHpiF7
tz1eDj5UuChVcZpA7gofUtyVS6mdQAcyEbZ5, 96010107327281749, KT18oxtA5uyhyYXyAVhTa7agJmxHCTjHpiF7
tz1WQHrBeZktERVYgvz49NMcar5RHjNqt3Ka, 47876375494324371, KT18oxtA5uyhyYXyAVhTa7agJmxHCTjHpiF7
tz1LHh1BAEf7tJDZnqqF8pSS9Uy4dLhu3bGJ, 101841700019065481, KT18oxtA5uyhyYXyAVhTa7agJmxHCTjHpiF7
tz1iTrJBfWEM1mowWJ1xVGDcfKpAqv89QGwA, 26150818804651107, KT18oxtA5uyhyYXyAVhTa7agJmxHCTjHpiF7
tz1SGPStfd9v5upQUxRiHPC9666X4FpVAmK4, 594815628346138275, KT18oxtA5uyhyYXyAVhTa7agJmxHCTjHpiF7
tz1TrvRTDo7KBu1Acc5j12R8D6anAHeM9Tdp, 818170632775724476, KT18oxtA5uyhyYXyAVhTa7agJmxHCTjHpiF7
tz1Q1LWn8wCK77L4xetjbH3Ar7sDaSANezZx, 129659488225568555, KT18oxtA5uyhyYXyAVhTa7agJmxHCTjHpiF7
tz1Qji1NnEPj4Cxa9s2WEoWi9U9KM6a9gdDL, 751613768015966482, KT18oxtA5uyhyYXyAVhTa7agJmxHCTjHpiF7
tz1hYc8FKJSztPJb8a9b4V4yQBGtk9t1FkEj, 1448163462856992737, KT18oxtA5uyhyYXyAVhTa7agJmxHCTjHpiF7
tz1SyJALikifjEPgpWGMSSDmTSrM1X9r2pzj, 477886829225483027, KT18oxtA5uyhyYXyAVhTa7agJmxHCTjHpiF7
tz1RartAmPJhFsL9oAhZndSL2G7KCsaQqqkf, 900085800329839338, KT18oxtA5uyhyYXyAVhTa7agJmxHCTjHpiF7
tz1SGDBANzdTLTpE9xMxZL5yrYtSyxCazEFt, 19845595421844044806, KT18oxtA5uyhyYXyAVhTa7agJmxHCTjHpiF7
tz1SpRwsAdsWshBeugtEaWD5PhesgzRvHVrn, 4766722356248772218, KT18oxtA5uyhyYXyAVhTa7agJmxHCTjHpiF7
tz1fyQVubnpHTRuoftPZ3GYY4kJBrb3wquz7, 6701242499621229, KT18oxtA5uyhyYXyAVhTa7agJmxHCTjHpiF7
tz1UJd94Mz9pyLzfC8SAZvTdDHUs5qkFvucK, 29149441953397248, KT18oxtA5uyhyYXyAVhTa7agJmxHCTjHpiF7
tz1XrwX7i9Nzh8e6UmG3VnFkAeoyWdTqDf3U, 132054632121144278, KT18oxtA5uyhyYXyAVhTa7agJmxHCTjHpiF7
tz1SWd4hwQtHrzisTLp6vydczMypKPnxBFTw, 6492540224785427640, KT18oxtA5uyhyYXyAVhTa7agJmxHCTjHpiF7
tz1e8NzaVmXaoBkjgx1HnXE2aHsFJfwqZrm2, 651211921347806259, KT18oxtA5uyhyYXyAVhTa7agJmxHCTjHpiF7
tz1RmNhtbAHyGnouU9ohsPnt9c7bdbXZT6rF, 1890875453830583696, KT18oxtA5uyhyYXyAVhTa7agJmxHCTjHpiF7
tz1aRebKaR6njMcV1K7kHASbiZFNxjUMeQBy, 2533123047862347882, KT18oxtA5uyhyYXyAVhTa7agJmxHCTjHpiF7
tz1ZeRsv3qTfoKAzfaJLSGtqXpnJeUTM8BHg, 113348195282031867, KT18oxtA5uyhyYXyAVhTa7agJmxHCTjHpiF7
tz1XuzzMTz1LhqbRPy9uxfRkccSxju3v8Y4j, 462425370692539662, KT18oxtA5uyhyYXyAVhTa7agJmxHCTjHpiF7
tz1L98rgjYKkLqGoiJ6qLsLdrBxSjLfEnRcm, 4592531292551725322, KT18oxtA5uyhyYXyAVhTa7agJmxHCTjHpiF7
tz1eCLWs5k2Xh8jsqigz5zsNHoUQXWRSPDBp, 8686762558358500289, KT18oxtA5uyhyYXyAVhTa7agJmxHCTjHpiF7
tz1iJup7cRKvcbf4HZ3egPkfHysYZmZMfwCA, 5957283104738196475, KT18oxtA5uyhyYXyAVhTa7agJmxHCTjHpiF7
tz1ghDu2tnw9XveuAx9zJKxn2DBtefgVD93y, 28628834751279411, KT18oxtA5uyhyYXyAVhTa7agJmxHCTjHpiF7
tz1cgAHrLkuj5NrLmQ6LnELKFKu3i13CokzB, 1976674230202217186, KT18oxtA5uyhyYXyAVhTa7agJmxHCTjHpiF7
tz1c2iwyckUCcicx2qxqtwLEartYFEHg1pvB, 11868739197433247201, KT18oxtA5uyhyYXyAVhTa7agJmxHCTjHpiF7
tz1Vq5mYKXw1dD9js26An8dXdASuzo3bfE2w, 125374081393826, KT18oxtA5uyhyYXyAVhTa7agJmxHCTjHpiF7
tz1S9h681gzCr8cNfoVUgdc6CYqniXWA6Est, 86996617947804557, KT18oxtA5uyhyYXyAVhTa7agJmxHCTjHpiF7
tz1gLaggDPjEnkr3eB1Z4GprZHRgwNMkvSf6, 144645849377969672, KT18oxtA5uyhyYXyAVhTa7agJmxHCTjHpiF7
tz1bfNHk8DLEkqaUgLAVqxGSFGNK7ND29Xma, 9367616847641976764, KT18oxtA5uyhyYXyAVhTa7agJmxHCTjHpiF7
tz1eiyML8sHGBL139FwJQJeLGHWAFtDqPz4U, 122959150193452, KT18oxtA5uyhyYXyAVhTa7agJmxHCTjHpiF7
tz1Q4VRQC2MXCT6baepbasirizZa7t6e5ZG9, 361131317319949301, KT18oxtA5uyhyYXyAVhTa7agJmxHCTjHpiF7
tz1baTPKfqdB5fm1XBS5xWbs9ribuzveetJX, 44733536452334628, KT18oxtA5uyhyYXyAVhTa7agJmxHCTjHpiF7
tz1hZqiQuCCscmrj3QGJDDDFDqgHeg9nvRym, 6219080452562043615, KT18oxtA5uyhyYXyAVhTa7agJmxHCTjHpiF7
tz1c6Brwut7ZqXQfkjxDXvyAUL2Mr43p2JZZ, 7700109663392512906, KT18oxtA5uyhyYXyAVhTa7agJmxHCTjHpiF7
tz1d3BnXn8WQuGZCqxKA6R7EEn9jmeN5tSju, 1690687260439429974, KT18oxtA5uyhyYXyAVhTa7agJmxHCTjHpiF7
tz1bXNYRtuwLgrE5bDExSvoQaLhF9tU3Ejnq, 27581504189093342, KT18oxtA5uyhyYXyAVhTa7agJmxHCTjHpiF7
tz1bRakSGeLdKF8NriZLfGnz1Gr2JikHhTnR, 292928948620746718, KT18oxtA5uyhyYXyAVhTa7agJmxHCTjHpiF7
tz1gaRjULm9qy4D83VCvb4ABWLKpz4XXfqjx, 2778001450145694191, KT18oxtA5uyhyYXyAVhTa7agJmxHCTjHpiF7
tz1KhtaqHs1PRi8BdzouLDz6cWBdsiQQrgqu, 1168939381860769708, KT18oxtA5uyhyYXyAVhTa7agJmxHCTjHpiF7
tz1RJrQSpSGM55ZgaTRPkLRZgdmP9F9XCRHC, 1055939592, KT18oxtA5uyhyYXyAVhTa7agJmxHCTjHpiF7
tz1bC4KAP7yXypYkBtBmw5SjpiagYaDRf7i2, 70233954555028097, KT18oxtA5uyhyYXyAVhTa7agJmxHCTjHpiF7
tz1Ziaxoio55wxE9UWpXnaMgRtSN3VBhgGTX, 1070308438905164902, KT18oxtA5uyhyYXyAVhTa7agJmxHCTjHpiF7
tz1SHzbhYsbX6Uk51hJC4JkjgWM1gWaSwBqQ, 5480598712297648968, KT18oxtA5uyhyYXyAVhTa7agJmxHCTjHpiF7
tz1Ljma475JGZe1jv4LJaxZizTmku8CkuRUR, 27873002999235396057, KT18oxtA5uyhyYXyAVhTa7agJmxHCTjHpiF7
tz1hWxyYMfK3h3y7WvL1ErggtgneuNynC1JA, 20744023078531649527, KT18oxtA5uyhyYXyAVhTa7agJmxHCTjHpiF7
tz1Zr8gNvWLCUyGAzu32bSJixRPkMdPePLJx, 308169856579334965, KT18oxtA5uyhyYXyAVhTa7agJmxHCTjHpiF7
tz2VwWaiFPDUeHJ4puhzpkbiAUgmCtqRRp3V, 52447272695394412, KT18oxtA5uyhyYXyAVhTa7agJmxHCTjHpiF7
tz2MRhfAKUyNZDKH8XBzmXyCwd2h5ySbgZJJ, 115312194074657673, KT18oxtA5uyhyYXyAVhTa7agJmxHCTjHpiF7
tz1fWCsW8JBQ7qoRrcYvTVJTXLCoAFtcaHiC, 1218490929099862712, KT18oxtA5uyhyYXyAVhTa7agJmxHCTjHpiF7
tz1Kx6SoAWiCJihEaYsHknmT7MUveJwX5dJ6, 136813329691431724, KT18oxtA5uyhyYXyAVhTa7agJmxHCTjHpiF7
tz1cBNfPUb3Gi6oezs6fpXtki8EzSwjnoNGS, 16730361513880, KT18oxtA5uyhyYXyAVhTa7agJmxHCTjHpiF7
tz1gvKsAwsGXNGr2paJz7uWLe3roCMZnajQM, 177108820725617253, KT18oxtA5uyhyYXyAVhTa7agJmxHCTjHpiF7
tz1Z4xVY4HrA3z51qwFLfD9KPxg47wxskndP, 9688433033329227, KT18oxtA5uyhyYXyAVhTa7agJmxHCTjHpiF7
tz1iLVNWcnq7cvCAq5ynkfpjZyUX5VL5eimF, 834646345289714505, KT18oxtA5uyhyYXyAVhTa7agJmxHCTjHpiF7
tz1Mr49tkuJKzXnvzuiZywYoBZTqe9ts7YLC, 688265144878745249, KT18oxtA5uyhyYXyAVhTa7agJmxHCTjHpiF7
tz1hS2WbwV27KDdPmW3AWkpUfrpTwZhpnzLR, 94914799101389578, KT18oxtA5uyhyYXyAVhTa7agJmxHCTjHpiF7
tz1d7itUgcwrZwCcmtTXnUhoqhFHgoYLamkf, 6720724116412326751, KT18oxtA5uyhyYXyAVhTa7agJmxHCTjHpiF7
tz1iwxDNSThTX48VfGo9YRCojihqMwqYTn6p, 3313125281131592060, KT18oxtA5uyhyYXyAVhTa7agJmxHCTjHpiF7
tz1V3mUVNmfeeZUEN8358i8bjD9rVnEbK7nc, 257165034515243979452, KT18oxtA5uyhyYXyAVhTa7agJmxHCTjHpiF7
tz1fq3eVQz3eCc7XXMCBYMEV3UD8UrWSXrhb, 13472935012933166, KT18oxtA5uyhyYXyAVhTa7agJmxHCTjHpiF7
tz1bthMuA6Yzgqnp5dtQanF6C98USvgTJYSg, 187049273417223638, KT18oxtA5uyhyYXyAVhTa7agJmxHCTjHpiF7
tz1ThWTEHmP8UCAP793Qw2juF7ivYR688fsx, 118022385536226856550, KT18oxtA5uyhyYXyAVhTa7agJmxHCTjHpiF7
tz1SRcMg9GRXi7paNeAc3ARn23mS3Z5dXa6S, 11429077892128419156, KT1VTA694ZHFQPtxg76HzY7gHdvi7idYEYje
tz1SraYbcCskcKKak9xoo6cFCL78SMZ4wVwV, 75324514466066565418, KT1VTA694ZHFQPtxg76HzY7gHdvi7idYEYje
tz1SGrn2QMFDiFBvR5VGL5USAZvMCiYY3Mkx, 50667317635087509865, KT1VTA694ZHFQPtxg76HzY7gHdvi7idYEYje
tz1Zkwx9hT2xtphsjYaSjjbaWotZBEH43ouc, 91696250167651090410, KT1VTA694ZHFQPtxg76HzY7gHdvi7idYEYje
tz1Zct1EmWq3J26UpCvT5c7zrsDoQGcMYkRS, 61556603655414268958, KT1VTA694ZHFQPtxg76HzY7gHdvi7idYEYje
tz1iNdzx7BJpGD2e2YaV2QbsteMQWMAXjjDf, 30989502306198149974, KT1VTA694ZHFQPtxg76HzY7gHdvi7idYEYje
